929474.0,50884.0,67117.0,735898.0,11990786.0,5117682.0,297675.0,26607325.0
577696.0,59388.0,56041.0,1041959.0,10081383.0,2881900.0,211085.0,22583285.0
682670.0,48487.0,89820.0,935980.0,11796786.0,3688020.0,294681.0,25784997.0
1706023.0,60491.0,82352.0,1076457.0,10097869.0,6264826.0,295934.0,28313734.0
864822.0,46374.0,66590.0,909314.0,11570535.0,6207508.0,214265.0,18451253.0
455393.0,54431.0,51399.0,933629.0,7467008.0,2026027.0,184894.0,17999014.0
272480.0,32384.0,55910.0,597014.0,6221644.0,1645366.0,129006.0,11200761.0
263615.0,30402.0,37656.0,477510.0,5049357.0,1257400.0,123575.0,11515960.0
214540.0,25235.0,26616.0,527613.0,4676805.0,1192445.0,120649.0,10962916.0
215678.0,22346.0,34670.0,402172.0,4737683.0,1093788.0,124117.0,11528550.0
2354496.0,63523.0,196597.0,894038.0,20413631.0,13558497.0,457045.0,40393322.0
16323873.0,271900.0,531026.0,2830673.0,78425293.0,70312686.0,515723.0,44830989.0
2728294.0,77168.0,203447.0,857802.0,25163343.0,21326099.0,199514.0,16682705.0
344779.0,29051.0,27717.0,568428.0,6995259.0,1972771.0,175774.0,16602026.0
305481.0,38851.0,53906.0,716846.0,6728140.0,1961270.0,163750.0,15375156.0
443500.0,45002.0,52974.0,825086.0,8045808.0,2444129.0,222749.0,20435549.0
669865.0,52470.0,93694.0,956656.0,11447062.0,3788518.0,322807.0,28723176.0
864327.0,71140.0,151588.0,824385.0,12181965.0,6468704.0,264386.0,21547661.0
443523.0,47842.0,97572.0,856337.0,6791725.0,2039811.0,171881.0,17555326.0
2222267.0,83777.0,175898.0,1129525.0,19085148.0,10120448.0,583093.0,48931704.0
1028745.0,86169.0,242535.0,1443734.0,13493044.0,5232845.0,280159.0,29627424.0
1347187.0,89453.0,167796.0,1052345.0,13503150.0,6742214.0,433220.0,37135986.0
2903743.0,179242.0,529162.0,2451423.0,34434334.0,17746716.0,572874.0,54489089.0
14273490.0,295700.0,911646.0,5914605.0,81658241.0,59308763.0,592493.0,53888281.0
916500.0,56126.0,160815.0,862204.0,8918768.0,3640056.0,240788.0,22977171.0
10074715.0,468731.0,526598.0,3439336.0,57598234.0,51600397.0,1038000.0,96578225.0
42686285.0,749982.0,1710310.0,13529662.0,244650552.0,202311487.0,1695434.0,158759091.0
2266731.0,143924.0,554290.0,2367711.0,29605929.0,12907493.0,581908.0,53406781.0
13949376.0,523160.0,408509.0,2427476.0,45598607.0,56086387.0,864214.0,80873199.0
191527.0,24892.0,35212.0,434056.0,5099007.0,1334324.0,126570.0,11532568.0
251311.0,24363.0,56108.0,413975.0,6147604.0,1302695.0,59896.0,5801660.0
144005.0,17643.0,26766.0,340692.0,4302236.0,1000306.0,100160.0,9029182.0
170667.0,21175.0,24164.0,357842.0,4199605.0,898914.0,111967.0,10009288.0
428646.0,30565.0,72714.0,625683.0,13531151.0,11728202.0,133022.0,11116529.0
2663947.0,84995.0,122136.0,1062352.0,9713484.0,7153780.0,89279.0,9995729.0
169985.0,18645.0,30024.0,314535.0,3846481.0,1058882.0,107524.0,9750664.0
261211.0,23297.0,28728.0,485545.0,6479992.0,1801499.0,159833.0,13957607.0
253505.0,28443.0,62724.0,503260.0,4572999.0,1092250.0,92969.0,8760299.0
181183.0,23062.0,42120.0,556610.0,6345545.0,1451736.0,106661.0,9497115.0
295958.0,34481.0,44706.0,707903.0,6410366.0,1342200.0,82100.0,8221811.0
287551.0,32094.0,35589.0,651445.0,6825837.0,1794313.0,166356.0,14871957.0
820882.0,46322.0,69396.0,698603.0,6780405.0,3850212.0,226149.0,20745931.0
321500.0,32424.0,61447.0,547257.0,6842914.0,2042463.0,154804.0,14016107.0
1623819.0,119326.0,464184.0,1269153.0,7743151.0,4191859.0,306944.0,33778730.0
1255459.0,67747.0,304317.0,1478213.0,20268644.0,11580110.0,445766.0,35380436.0
1611643.0,116017.0,449621.0,1135880.0,6382444.0,3568468.0,312819.0,35417274.0
1335321.0,57827.0,299040.0,1550325.0,23588021.0,12667469.0,548456.0,43155540.0
1767323.0,120680.0,492185.0,636603.0,6103024.0,3280093.0,359605.0,33653856.0
1222279.0,71335.0,341320.0,1707614.0,21860912.0,10611774.0,427084.0,35004857.0
2091049.0,144529.0,511634.0,1395080.0,6661334.0,4483233.0,340221.0,35808403.0
1733633.0,83587.0,285978.0,1640619.0,20675180.0,10099414.0,483395.0,40830253.0
1615436.0,128823.0,440019.0,1500635.0,7545684.0,4201593.0,295017.0,33600129.0
1427972.0,80495.0,302369.0,1498396.0,22715362.0,12390536.0,550672.0,44649275.0
1636832.0,123376.0,463231.0,1408971.0,6070542.0,3335365.0,307994.0,33297917.0
1370914.0,76291.0,264450.0,1619386.0,22337297.0,11308450.0,493442.0,39825670.0
1694939.0,103035.0,524530.0,1049036.0,9904924.0,4707815.0,360687.0,33459697.0
1628369.0,66020.0,278249.0,1723019.0,33442514.0,11179210.0,166410.0,14337599.0
3354394.0,90712.0,276515.0,996968.0,11180151.0,8113170.0,158691.0,17254631.0
1102373.0,71966.0,148354.0,685285.0,14268394.0,8602594.0,400738.0,32864217.0
1697701.0,113052.0,548134.0,1525757.0,11730400.0,4808346.0,366880.0,40519524.0
1303489.0,93902.0,535652.0,1965747.0,27002511.0,11815361.0,613447.0,51011859.0
836587.0,50913.0,70904.0,805368.0,11302498.0,4879474.0,297623.0,26323888.0
868304.0,58112.0,109188.0,808539.0,12045674.0,6014463.0,330925.0,29672771.0
1180977.0,93522.0,326462.0,1340728.0,9802903.0,5505751.0,257984.0,28542531.0
1122199.0,71871.0,172853.0,948008.0,15743665.0,9762068.0,410464.0,35555675.0
314403.0,33660.0,67893.0,607653.0,5824253.0,1646190.0,152487.0,14577264.0
1267482.0,36849.0,58648.0,686919.0,10517764.0,7262025.0,279357.0,26048575.0
1645702.0,84749.0,258262.0,995452.0,13660978.0,8477703.0,267034.0,26727895.0
181186.0,21293.0,44924.0,383603.0,4420333.0,1045771.0,88247.0,7957001.0
448843.0,43322.0,61853.0,946573.0,10115535.0,2712230.0,200343.0,19345968.0
703460.0,58028.0,70703.0,772554.0,11599777.0,3915008.0,367636.0,32691933.0
614485.0,49995.0,64903.0,975400.0,11124044.0,3455848.0,254631.0,24086932.0
671564.0,58030.0,55339.0,747232.0,11854468.0,3526728.0,347782.0,30936008.0
520892.0,51863.0,68613.0,1063944.0,11255016.0,3225151.0,232474.0,23484493.0
743731.0,63201.0,62772.0,838322.0,12199183.0,3902180.0,361898.0,32221640.0
714460.0,71841.0,118093.0,1565604.0,14658154.0,4531575.0,284639.0,27580674.0
2455717.0,62666.0,83878.0,869160.0,14298587.0,9709673.0,431810.0,40589752.0
604969.0,60862.0,104089.0,1232258.0,13125431.0,3931860.0,255680.0,25086307.0
1140316.0,66537.0,120099.0,972059.0,13938065.0,7367441.0,142276.0,12719004.0
2436973.0,113361.0,161803.0,1452345.0,18163740.0,9469789.0,152967.0,13543807.0
498587.0,53835.0,68289.0,903730.0,9313719.0,2659843.0,215619.0,21572291.0
285682.0,33851.0,68043.0,604400.0,7051409.0,2202454.0,173148.0,14944745.0
361832.0,46619.0,64118.0,777632.0,6829266.0,2076983.0,189002.0,16803748.0
302573.0,34726.0,42435.0,679636.0,7795741.0,2204476.0,196938.0,16985111.0
406578.0,48861.0,85730.0,742775.0,7424114.0,2341069.0,208440.0,20242863.0
515637.0,50126.0,85108.0,725858.0,8191387.0,2628655.0,245354.0,21793561.0
503486.0,53990.0,100602.0,948992.0,9011040.0,2496710.0,235095.0,21390278.0
324838.0,33612.0,45471.0,630019.0,5646093.0,1808994.0,175791.0,16185011.0
769359.0,61185.0,212233.0,1246009.0,13737318.0,5959917.0,170486.0,15904616.0
382124.0,43318.0,79767.0,790164.0,7698319.0,2027397.0,171522.0,15621689.0
280466.0,37775.0,60206.0,770444.0,5892284.0,1435267.0,140705.0,13865516.0
283160.0,29797.0,54222.0,649203.0,7045139.0,2090796.0,178449.0,15353544.0
1390922.0,49608.0,84665.0,852856.0,11281447.0,10385918.0,269058.0,25841100.0
3380928.0,35317.0,90902.0,659768.0,19792210.0,23023485.0,485095.0,44174637.0
174024.0,23155.0,39471.0,413996.0,4476802.0,1177818.0,123490.0,11077297.0
623984.0,54989.0,109615.0,949451.0,8918628.0,2624242.0,233792.0,22692282.0
2162770.0,35339.0,50666.0,585882.0,11794018.0,11565780.0,360539.0,32746995.0
673197.0,68744.0,202555.0,1038113.0,10099294.0,5239014.0,258329.0,22563669.0
1039505.0,76024.0,184445.0,1232304.0,12675327.0,5804036.0,302618.0,27208660.0
3115519.0,91996.0,167049.0,1176205.0,19871937.0,14476222.0,262321.0,24750748.0
